{	"name": "Compression Dynamo",	"icon": "thermal:dynamo_compression",	"category": "thermal:dynamos",	"read_by_default": true,	"flag": "mod:thermal_expansion",

	"pages": [		{			"type": "text",			"text": "The Compression Dynamo uses burnable liquid fuels such as tree oil to produce RF."		},		{			"type": "crafting",			"recipe": "thermal:dynamo_compression",			"title": "Compression Dynamo"		},		{			"type": "text",			"title": "Augment Compatibility",			"text": "$(li)$(l:thermal:technology/augments/integral_components)Integral Components$(/l)$(li)$(l:thermal:technology/augments/fluid_tank)Expanded Tank Construction$(/l)$(li)$(l:thermal:technology/augments/dynamo_output)Auxiliary Reaction Chamber$(/l)$(li)$(l:thermal:technology/augments/dynamo_fuel)Multi-cycle Injectors$(/l)"		}	]
}