{	"name": "Lapidary Dynamo",	"icon": "thermal:dynamo_lapidary",	"category": "thermal:dynamos",	"read_by_default": true,	"flag": "mod:thermal_expansion",	"pages": [		{			"type": "text",			"text": "The Lapidary Dynamo uses crystals and gems to produce RF. May be a portal to a land of gem-obsessed moon people."		},		{			"type": "crafting",			"recipe": "thermal:dynamo_lapidary",			"title": "Lapidary Dynamo"		},		{			"type": "text",			"title": "Augment Compatibility",			"text": "$(li)$(l:thermal:technology/augments/integral_components)Integral Components$(/l)$(li)$(l:thermal:technology/augments/dynamo_output)Auxiliary Reaction Chamber$(/l)$(li)$(l:thermal:technology/augments/dynamo_fuel)Multi-cycle Injectors$(/l)"		}	]
}