{	"name": "Magmatic Dynamo",	"icon": "thermal:dynamo_magmatic",	"category": "thermal:dynamos",	"read_by_default": true,	"flag": "mod:thermal_expansion",

	"pages": [		{			"type": "text",			"text": "The Magmatic Dynamo uses lava to produce RF."		},		{			"type": "crafting",			"recipe": "thermal:dynamo_magmatic",			"title": "Magmatic Dynamo"		},		{			"type": "text",			"title": "Augment Compatibility",			"text": "$(li)$(l:thermal:technology/augments/integral_components)Integral Components$(/l)$(li)$(l:thermal:technology/augments/fluid_tank)Expanded Tank Construction$(/l)$(li)$(l:thermal:technology/augments/dynamo_output)Auxiliary Reaction Chamber$(/l)$(li)$(l:thermal:technology/augments/dynamo_fuel)Multi-cycle Injectors$(/l)"		}	]
}