{	"name": "Numismatic Dynamo",	"icon": "thermal:dynamo_numismatic",	"category": "thermal:dynamos",	"read_by_default": true,	"flag": "mod:thermal_expansion",

	"pages": [		{			"type": "text",			"text": "The Numismatic Dynamo uses $(l:thermal:technology/machines/press)coins$(/l) to produce RF."		},		{			"type": "crafting",			"recipe": "thermal:dynamo_numismatic",			"title": "Numismatic Dynamo"		},		{			"type": "text",			"title": "Augment Compatibility",			"text": "$(li)$(l:thermal:technology/augments/integral_components)Integral Components$(/l)$(li)$(l:thermal:technology/augments/dynamo_output)Auxiliary Reaction Chamber$(/l)$(li)$(l:thermal:technology/augments/dynamo_fuel)Multi-cycle Injectors$(/l)"		}	]
}