{	"name": "Stirling Dynamo",	"icon": "thermal:dynamo_stirling",	"category": "thermal:dynamos",	"read_by_default": true,	"flag": "mod:thermal_expansion",

	"pages": [		{			"type": "text",			"text": "The Stirling Dynamo uses burnable items to produce RF."		},		{			"type": "crafting",			"recipe": "thermal:dynamo_stirling",			"title": "Stirling Dynamo"		},		{			"type": "text",			"title": "Augment Compatibility",			"text": "$(li)$(l:thermal:technology/augments/integral_components)Integral Components$(/l)$(li)$(l:thermal:technology/augments/dynamo_output)Auxiliary Reaction Chamber$(/l)$(li)$(l:thermal:technology/augments/dynamo_fuel)Multi-cycle Injectors$(/l)"		}	]
}