{	"name": "Alchemical Amplifier",	"icon": "thermal:potion_amplifier_augment",	"category": "thermal:augments",
	"read_by_default": true,	"flag": "mod:thermal_expansion",	"pages": [		{			"type": "crafting",			"recipe": "thermal:augments/potion_amplifier_augment",			"title": "Alchemical Amplifier",			"text": "The Alchemical Amplifier augment increases the effect of the stored potion by 1 level but decreases its duration by 25%. Stacking 4 results in potions with no duration, rendering many useless."		}	]
}
