{	"name": "Alloys",	"icon": "thermal:bronze_ingot",	"read_by_default": true,	"category": "thermal:materials",
	"pages": [		//The following pages appear when Expansion is installed.		{			"flag": "mod:thermal_expansion",			"type": "crafting",			"recipe": "thermal:fire_charge/bronze_ingot_4",			"text": "Thermal adds a variety of different alloys. They can be directly alloyed in an induction smelter. Alternatively, they can be crafted by combining their constituents with a fire charge as shown above."		},		{			"flag": "mod:thermal_expansion",			"type": "3-3_alloy_page",
			"A.title": "Bronze",			"A.in1": "thermal:copper_ingot#3",			"A.in2": "thermal:tin_ingot",			"A.out": "thermal:bronze_ingot#4",			"A.text": "The dawn of a new age.",
			"B.title": "Invar",			"B.in1": "minecraft:iron_ingot#2",			"B.in2": "thermal:nickel_ingot",			"B.out": "thermal:invar_ingot#3",			"B.text": "Minimally expands when heated."		},		{			"flag": "mod:thermal_expansion",			"type": "3-3_alloy_page",
			"A.title": "Electrum",			"A.in1": "minecraft:gold_ingot",			"A.in2": "thermal:silver_ingot",			"A.out": "thermal:electrum_ingot#2",			"A.text": "The best of both worlds.",
			"B.title": "Constantan",			"B.in1": "thermal:copper_ingot",			"B.in2": "thermal:nickel_ingot",			"B.out": "thermal:constantan_ingot#2",			"B.text": "Minimal resistivity change when heated."		},		{			"flag": "mod:thermal_expansion",			"type": "3-3_alloy_page",
			"A.title": "Lumium",			"A.in1": "thermal:tin_ingot#3",			"A.in2": "thermal:silver_ingot",			"A.in3": "minecraft:glowstone_dust#2",			"A.out": "thermal:lumium_ingot#4",			"A.text": "A brick of solid sunshine.",
			"B.title": "Signalum",			"B.in1": "thermal:copper_ingot#3",			"B.in2": "thermal:silver_ingot",			"B.in3": "minecraft:redstone#4",			"B.out": "thermal:signalum_ingot#4",			"B.text": "Conducts better than silver."		},		{			"flag": "mod:thermal_expansion",			"type": "3_alloy_page",
			"title": "Enderium",			"in1": "thermal:lead_ingot#3",			"in2": "thermal:diamond_dust",			"in3": "minecraft:ender_pearl#2",			"out": "thermal:enderium_ingot#2",			"text": "Resonates at any frequency."		},		//The following pages appear when Expansion is NOT installed.		{			"flag": "!mod:thermal_expansion",			"type": "text",			"title": "Alloys",			"text": "Thermal adds a variety of different alloys. They can be crafted by combining their constituents with a fire charge."		},		{			"flag": "!mod:thermal_expansion",			"type": "crafting",			"recipe": "thermal:fire_charge/bronze_ingot_4",			"recipe2": "thermal:fire_charge/invar_ingot_3"		},		{			"flag": "!mod:thermal_expansion",			"type": "crafting",			"recipe": "thermal:fire_charge/electrum_ingot_2",			"recipe2": "thermal:fire_charge/constantan_ingot_2"		},		{			"flag": "!mod:thermal_expansion",			"type": "crafting",			"recipe": "thermal:fire_charge/lumium_ingot_4",			"recipe2": "thermal:fire_charge/signalum_ingot_4"		},		{			"flag": "!mod:thermal_expansion",			"type": "crafting",			"recipe": "thermal:fire_charge/enderium_ingot_2"		}	]
}