{	"name": "Catalysts",	"icon": "thermal:rich_slag",	"read_by_default": true,	"flag": "mod:thermal_expansion",	"category": "thermal:materials",
	"pages": [		{			"type": "text",			"text": "Catalysts are optional items consumed to improve the yield of certain recipes. Machines and their catalysts are listed on the next page with multipliers. The main outputs of a recipe are scaled by Primary. Secondary outputs are scaled by Auxiliary. The energy per operation is scaled by Energy. Finally, the odds a catalyst is consumed in an operation is indicated by the Usage chance."		},		{			"type": "catalyst_page",						"A.machine": "$(l:thermal:technology/machines/pulverizer)Pulverizer$(/l)",			"A.1.enable": "true",			"A.1.catalyst": "minecraft:flint",			"A.1.p": "1.10",			"A.1.a": "1.50",			"A.1.e": "1.10",			"A.1.u": "20",			"A.2.enable": "true",			"A.2.catalyst": "thermal:basalz_powder",			"A.2.p": "1.25",			"A.2.a": "3.00",			"A.2.e": "0.25",			"A.2.u": "50",						"B.machine": "$(l:thermal:technology/machines/insolator)Phytogenic Insolator$(/l)",			"B.1.enable": "true",			"B.1.catalyst": "minecraft:bone_meal",			"B.1.p": "1.50",			"B.1.a": "1.50",			"B.1.e": "0.80",			"B.1.u": "75",			"B.2.enable": "true",			"B.2.catalyst": "thermal:phytogro",			"B.2.p": "3.00",			"B.2.a": "3.00",			"B.2.e": "0.80",			"B.2.u": "50",						"C.machine": "$(l:thermal:technology/machines/smelter)Induction Smelter$(/l)",			"C.1.enable": "true",			"C.1.catalyst": "minecraft:sand",			"C.1.p": "1.75",			"C.1.a": "1.75",			"C.1.e": "1.25",			"C.1.u": "40",			"C.2.enable": "true",			"C.2.catalyst": "minecraft:blaze_powder",			"C.2.p": "1.25",			"C.2.a": "3.00",			"C.2.e": "0.25",			"C.2.u": "50",			"C.3.enable": "true",			"C.3.catalyst": "thermal:rich_slag",			"C.3.p": "2.50",			"C.3.a": "2.25",			"C.3.e": "1.75",			"C.3.u": "60",			"C.4.enable": "true",			"C.4.catalyst": "thermal:cinnabar",			"C.4.p": "3.00",			"C.4.a": "3.00",			"C.4.e": "2.50",			"C.4.u": "80"		}	]
}