{	"name": "Hardened Glass",	"icon": "thermal:obsidian_glass",	"read_by_default": true,	"category": "thermal:materials",	"pages": [		//The following pages appear when Expansion is installed.		{
			"flag": "mod:thermal_expansion",			"type": "text",			"text": "Hardened glass is blast-resistant glass used in various recipes. It can be lined with various metals to give it different properties. Like with $(l:thermal:world/materials/alloys)alloys$(/l), hardened glass and its variants can be crafted with their constituents and a fire charge in a crafting bench, or directly in an induction smelter."		},		{
			"flag": "mod:thermal_expansion",			"type": "3-3_alloy_page",
			"A.in1": "minecraft:quartz",			"A.in2": "minecraft:obsidian",			"A.in3": "minecraft:sand",			"A.out": "thermal:obsidian_glass#2",			"A.text": "Basic witherproofing.",
			"B.in1": "thermal:obsidian_glass#2",			"B.in2": "thermal:signalum_ingot",			"B.out": "thermal:signalum_glass#2",			"B.text": "Powers adjacent redstone."		},		{
			"flag": "mod:thermal_expansion",			"type": "3-3_alloy_page",
			"A.in1": "thermal:obsidian_glass#2",			"A.in2": "thermal:lumium_ingot",			"A.out": "thermal:lumium_glass#2",			"A.text": "Radiates an intense light.",
			"B.in1": "thermal:obsidian_glass#2",			"B.in2": "thermal:enderium_ingot",			"B.out": "thermal:enderium_glass#2",			"B.text": "Lets you flex on others."		},
		//The following pages appear when Expansion is NOT installed.		{
			"flag": "!mod:thermal_expansion",			"type": "text",			"text": "Hardened glass is blast-resistant glass used in various recipes. It can be lined with various metals to give it different properties. Signalum glass emits a strong redstone signal. Lumium glass emits a strong light. Enderium glass allows you to flex on other players."		},		{
			"flag": "!mod:thermal_expansion",			"type": "crafting",			"recipe": "thermal:fire_charge/obsidian_glass_2",			"recipe2": "thermal:fire_charge/signalum_glass_2"		},		{
			"flag": "!mod:thermal_expansion",			"type": "crafting",			"recipe": "thermal:fire_charge/lumium_glass_2",			"recipe2": "thermal:fire_charge/enderium_glass_2"		}	]
}