{
	"name": "Slag and Rockwool",
	"icon": "thermal:slag",
	"read_by_default": true,
	"category": "thermal:materials",
	"flag": "mod:thermal_expansion",
	"pages": [
		{
			"type": "2_item_page",
			"title": "Slag and Rockwool",
			"item1": "thermal:slag",
			"item2": "tag:thermal:rockwool",
			"text": "Slag is a mineral-rich substance produced by smelting gravel in an $(l:thermal:technology/machines/smelter)induction smelter$(/l). Rockwool is a fibrous material created by spinning molten mineral materials, such as slag, in a furnace. It is a flame-retardant, slightly more blast-resistant version of normal wool."
		}
	]
}