{	"name": "Material Storage",	"icon": "thermal:invar_block",	"read_by_default": true,	"category": "thermal:materials",	"pages": [		{			"type": "text",			"text": "Thermal adds storage blocks for all of its $(l:thermal:world/ores)ores$(/l) and $(l:thermal:materials/alloys)alloys$(/l), as well as gunpowder, slag, rich slag, and charcoal. With storage blocks from other mods, Thermal follows a convention where the center item in the crafting recipe determines which mod's storage block to craft. For example, surrounding a Thermal copper ingot with 8 Immersive Engineering copper ingots will craft a Thermal copper block."		},		{			"type": "crafting",			"recipe": "thermal:storage/charcoal_block",			"recipe2": "thermal:storage/gunpowder_block"		},		{			"type": "crafting",			"recipe": "thermal:storage/slag_block",			"recipe2": "thermal:storage/rich_slag_block"		},		{			"type": "crafting",			"recipe": "thermal:storage/apatite_block",			"recipe2": "thermal:storage/cinnabar_block"		},		{			"type": "crafting",			"recipe": "thermal:storage/niter_block",			"recipe2": "thermal:storage/sulfur_block"		},		{			"type": "crafting",			"recipe": "thermal:storage/copper_block",			"recipe2": "thermal:storage/tin_block"		},		{			"type": "crafting",			"recipe": "thermal:storage/lead_block",			"recipe2": "thermal:storage/silver_block"		},		{			"type": "crafting",			"recipe": "thermal:storage/nickel_block",			"recipe2": "thermal:storage/bronze_block"		},		{			"type": "crafting",			"recipe": "thermal:storage/invar_block",			"recipe2": "thermal:storage/electrum_block"		},		{			"type": "crafting",			"recipe": "thermal:storage/constantan_block",			"recipe2": "thermal:storage/signalum_block"		},		{			"type": "crafting",			"recipe": "thermal:storage/lumium_block",			"recipe2": "thermal:storage/enderium_block"		}	]
}