{	"name": "Custom Recipes",	"icon": "minecraft:crafting_table",	"category": "thermal:modpack",	"read_by_default": true,	"pages": [		{			"type": "link",			"url": "https://minecraft.gamepedia.com/Data_Pack",			"link_text": "Minecraft Wiki",			"text": "All machines, devices, dynamos, etc use JSONs to determine their recipes and catalysts, meaning you can use datapacks to create and modify recipes. Alternatively, Thermal has CraftTweaker support, if you're more comfortable with that. Below is a link to the Minecraft Wiki to get you started on datapacks."		},		{			"type": "link",			"url": "https://github.com/KingLemming/1.16/blob/master/ThermalExpansion/src/main/resources/data/thermal/recipes/machine/smelter/smelter_gold_ore.json",			"link_text": "Machine Recipe",			"text": "Below is a link to an example of a machine recipe. The first output is always the primary output, while the rest are always secondary outputs. 'count' is an integral value, unaffected by catalysts. 'chance' is a float value, affected by catalysts by default (can be changed by setting 'locked' to true)."		},		{			"type": "link",			"url": "https://github.com/KingLemming/1.16/blob/master/ThermalExpansion/src/main/resources/data/thermal/recipes/machine/pulverizer/pulverizer_catalyst_basalz_powder.json",			"link_text": "Catalyst",			"text": "Below is a link to an example of a Json for adding a catalyst to a machine. The machine, item, and all 4 catalyst multipliers are defined here. For more information on catalysts, read $(l:thermal:world/materials/catalysts)this$(/l)."		},		{			"type": "link",			"url": "https://github.com/KingLemming/1.16/blob/master/ThermalCore/src/main/resources/data/thermal/recipes/devices/tree_extractor_boost_phytogro.json",			"link_text": "Extractor Boost",			"text": "Below is a link to an example of a Json for boosting arboreal extractor output using phyto-gro. It's pretty simple, not much to say here."		},		{			"type": "link",			"url": "https://github.com/KingLemming/1.16/blob/master/ThermalExpansion/src/main/resources/data/thermal/recipes/dynamo/compression/compression_refined_fuel.json",			"link_text": "Dynamo Recipe",			"text": "Below is a link to an example of a Json for burning refined fuel in a dynamo. An important limitation to keep in mind is that the energy value must be at least 10k RF!"		}	]
}