{	"name": "Connected Textures Mod",	"icon": "thermal:enderium_gear",	"category": "thermal:links",	"read_by_default": true,	"sortnum": 5,	"pages": [		{			"type": "link",			"url": "https://www.curseforge.com/minecraft/mc-mods/ctm",			"link_text": "CTM",			"text": "Did you know some of the textures like the Enderium glass will connect and look all pretty with CTM installed? You did? Good for you. You didn't? What are you waiting for?!"

		},		{			"type": "spotlight",			"item": "thermal:enderium_ingot",			"text": "Fun Fact! Enderium gets its name from its Spacetime-warping Ender properties!"		}	]

}