{	"name": "Discord",	"icon": "thermal:signalum_gear",	"category": "thermal:links",	"read_by_default": true,	"pages": [		{			"type": "link",			"url": "https://discord.com/invite/uRKrnbH",			"link_text": "Discord",			"text": "Having tech issues? More questions? Suggestions? Want a friendly place? Want to be able to know easier when your favorite thermal mods update? Join us on discord :D"

		},		{			"type": "spotlight",			"item": "thermal:signalum_ingot",			"text": "Fun Fact! Signalum gets its name from its ability to transfer a redstone signal!"		}	]

}