{	"name": "Redstone Flux Cell",	"icon": "thermal:energy_cell",	"category": "thermal:storage",	"read_by_default": true,	"flag": "mod:thermal_expansion",	"pages": [		{			"type": "text",			"text": "The Redstone Flux Cell can be used to store and distribute Redstone Flux (RF). Each side can be configured to in/output energy. The RF cell starts with 1,000,000RF storage capacity and 1,000rf/t max in/out. This can be improved using augments."		},		{			"type": "crafting",			"recipe": "thermal:energy_cell_frame",			"recipe2": "thermal:energy_cell"		},		{			"type": "text",			"text": "The transfer rate of the RF cell can be precisely configured. In the GUI, on both sides of the RF gauge, are the input and output transfer rates. These can be set manually using the '+' and '-' buttons in order to precisely control the rate of RF transfer. Left/right clicking will change the rate by 50/10 rf per tick. Ctrl-clicking changes the rate by 5/1. Shift-clicking will instead change the rate by 1000/100. Ctrl-shift-clicking changes the rate by 10k/1k."		},		{			"type": "text",			"title": "Augment Compatibility",			"text": "$(li)$(l:thermal:technology/augments/integral_components)Integral Components$(/l)$(li)$(l:thermal:technology/augments/rf_coil)Expanded RF Coil$(/l)$(li)$(l:thermal:technology/augments/rf_coil_storage)Stabilized RF Coil$(/l)$(li)$(l:thermal:technology/augments/rf_coil_xfer)High-Flux RF Coil$(/l)"		}
	]
} 