{	"name": "Basalz",	"icon": "thermal:basalz_rod",	"category": "thermal:mobs",	"read_by_default": true,	"pages": [		{			"type": "3_item_page",			"title": "Basalz",			"item1": "thermal:basalz_rod",			"item2": "thermal:basalz_powder",			"item3": "thermal:basalz_spawn_egg",			"text": "The Basalz is a mob that spawns in barren or mountainous biomes. It has 10 hearts and deals 4.0 hearts of damage at close range. It shoots projectiles which deal 3.5 hearts of damage and apply the Sundered effect. It has a chance to drop Basalz Shards, which can be crafted or pulverized into Basalz Powder."		},		{			"type": "entity",			"entity": "thermal:basalz",			"title": "Basalz",			"text": "Sundered: Decreases the efficacy of armor by 25% per level."		}	]
}