{	"name": "Blitz",	"icon": "thermal:blitz_rod",	"category": "thermal:mobs",	"read_by_default": true,	"pages": [		{			"type": "3_item_page",			"title": "Blitz",			"item1": "thermal:blitz_rod",			"item2": "thermal:blitz_powder",			"item3": "thermal:blitz_spawn_egg",			"text": "The Blitz is a mob that spawns in warm, dry biomes. It has 10 hearts and deals 1.5 hearts of damage at close range. It shoots projectiles which deal 3.5 hearts of damage and apply the Shocked effect. It has a chance to drop Blitz Motes, which can be crafted or pulverized into Blitz Powder."		},		{			"type": "entity",			"entity": "thermal:blitz",			"title": "Blitz",			"text": "Shocked: Decreases attack speed by 15% per level."		}	]
}