{	"components": [		{			"type": "header",			"text": "#title",			"x": -1,			"y": -1		},		{			"type": "image",			"image": "patchouli:textures/gui/crafting.png",			"width": 9,			"height": 9,			"u": 65,			"v": 27,			"texture_width": 128,			"texture_height": 256,			"x": 76,			"y": 18		},		{			"type": "image",			"image": "patchouli:textures/gui/crafting.png",			"width": 24,			"height": 24,			"u": 21,			"v": 103,			"texture_width": 128,			"texture_height": 256,			"x": 51,			"y": 11		},		//Cursed induction smelter icon, sealed away for an eternity.		//{		//	"type": "item",		//	"item": "thermal:machine_smelter",		//	"framed": false,		//	"x": 74,		//	"y": 28		//},		{			"type": "item",			"item": "#in1",			"framed": true,			"x": 5,			"y": 15		},		{			"type": "item",			"item": "#in2",			"framed": true,			"x": 30,			"y": 15		},		{			"type": "item",			"item": "#in3",			"framed": false,			"x": 55,			"y": 15		},		{			"type": "item",			"item": "#out",			"framed": true,			"link_recipe": true,			"x": 91,			"y": 15		},		{			"type": "text",			"text": "#text",			"x": 0,			"y": 45		}	]
}