{	"name": "FluxoMagnet",	"icon": "thermal:flux_magnet",	"read_by_default": true,	"flag": "mod:thermal_innovation",	"category": "thermal:tools",
	"pages": [		{			"type": "text",			"text": "The FluxoMagnet is a tool that uses RF in order to pull nearby items into the player's inventory. Right clicking with it in hand will suck nearby items in. Press '$(k:cofh.mode_change_increment)' to toggle auto-attract mode, where items are nearby items are automatically pulled in. It can be charged and augmented in the Tinker's Workbench."		},		{			"type": "crafting",			"recipe": "thermal:flux_magnet",			"title": "FluxoMagnet"		},		{			"type": "text",			"title": "Augment Compatibility",			"text": "$(li)$(l:thermal:technology/augments/integral_components)Integral Components$(/l)$(li)$(l:thermal:technology/augments/item_filter)Item Filter$(/l)$(li)$(l:thermal:technology/augments/rf_coil)Expanded RF Coil$(/l)$(li)$(l:thermal:technology/augments/rf_coil_storage)Stabilized RF Coil$(/l)$(li)$(l:thermal:technology/augments/rf_coil_xfer)High-Flux RF Coil$(/l)$(li)$(l:thermal:technology/augments/area_radius)Radial Enhancement$(/l)"		}	]
}