{	"name": "Flux Capacitor",	"icon": "thermal:flux_capacitor",	"category": "thermal:tools",
	"read_by_default": true,	"flag": "mod:thermal_innovation",	"pages": [		{			"type": "text",			"text": "Stores RF and charges items in your inventory. It has 3 modes, allowing you to charge just your hotbar and armor, just your inventory, or everything, togglable using the change mode keybind. In order to toggle item charging on and off, shift right click while holding the capacitor. It can also be used to put energy in machines. It can be charged and augmented in the Tinker's Workbench."		},		{			"type": "crafting",			"recipe": "thermal:flux_capacitor",			"title": "Flux Capacitor",			"text": "Press '$(k:cofh.mode_change_increment)' to change modes."		},		{			"type": "text",			"title": "Augment Compatibility",			"text": "$(li)$(l:thermal:technology/augments/integral_components)Integral Components$(/l)$(li)$(l:thermal:technology/augments/rf_coil)Expanded RF Coil$(/l)$(li)$(l:thermal:technology/augments/rf_coil_storage)Stabilized RF Coil$(/l)$(li)$(l:thermal:technology/augments/rf_coil_xfer)High-Flux RF Coil$(/l)"		}	]
}