{	"name": "Fluxsaw",	"icon": "thermal:flux_saw",	"category": "thermal:tools",
	"read_by_default": true,	"flag": "mod:thermal_innovation",	"pages": [		{			"type": "text",			"text": "Uses RF to mine wood-type blocks with ease. Right click strips wood logs as usual. It can be charged and augmented in the Tinker's Workbench. After installing radius augments, press '$(k:cofh.mode_change_increment)' to change between mining radii."		},		{			"type": "crafting",			"recipe": "thermal:saw_blade",			"recipe2": "thermal:flux_saw"		},		{			"type": "text",			"title": "Augment Compatibility",			"text": "$(li)$(l:thermal:technology/augments/integral_components)Integral Components$(/l)$(li)$(l:thermal:technology/augments/rf_coil)Expanded RF Coil$(/l)$(li)$(l:thermal:technology/augments/rf_coil_storage)Stabilized RF Coil$(/l)$(li)$(l:thermal:technology/augments/rf_coil_xfer)High-Flux RF Coil$(/l)$(li)$(l:thermal:technology/augments/area_radius)Radial Enhancement$(/l)"		}	]
}