{	"name": "Fluxbore",	"icon": "thermal:flux_drill",	"category": "thermal:tools",
	"read_by_default": true,	"flag": "mod:thermal_innovation",	"pages": [		{			"type": "text",			"text": "Uses RF to mine stone- and dirt-type blocks efficiently. It can be charged and augmented in the Tinker's Workbench. A reinforced or higher integral component is needed to mine obsidian. After installing radius augments, press '$(k:cofh.mode_change_increment)' to change between mining radii."		},		{			"type": "crafting",			"recipe": "thermal:drill_head",			"recipe2": "thermal:flux_drill"		},		{			"type": "text",			"title": "Augment Compatibility",			"text": "$(li)$(l:thermal:technology/augments/integral_components)Integral Components$(/l)$(li)$(l:thermal:technology/augments/rf_coil)Expanded RF Coil$(/l)$(li)$(l:thermal:technology/augments/rf_coil_storage)Stabilized RF Coil$(/l)$(li)$(l:thermal:technology/augments/rf_coil_xfer)High-Flux RF Coil$(/l)$(li)$(l:thermal:technology/augments/area_radius)Radial Enhancement$(/l)"		}	]
}