{	"name": "Potion Infuser",	"icon": "thermal:potion_infuser",	"category": "thermal:tools",
	"read_by_default": true,	"flag": "mod:thermal_innovation",	"pages": [		{			"type": "text",			"text": "Used to infuse yourself, mobs, or other players with potion effects. Press '$(k:cofh.mode_change_increment)' to toggle automatic infusion, which regularly infuses you with small doses. It can be filled with $(l:thermal:technology/potion_fluid)potion fluid$(/l) and augmented in the Tinker's Workbench."		},		{			"type": "crafting",			"recipe": "thermal:potion_infuser",			"title": "Potion Infuser"		},		{			"type": "text",			"title": "Augment Compatibility",			"text": "$(li)$(l:thermal:technology/augments/integral_components)Integral Components$(/l)$(li)$(l:thermal:technology/augments/fluid_tank)Expanded Tank Construction$(/l)$(li)$(l:thermal:technology/augments/potion_amplifier)Alchemical Amplifier$(/l)$(li)$(l:thermal:technology/augments/potion_duration)Alchemical Extender$(/l)"		}	]
}