{	"name": "Capacitato",	"icon": "thermal:rf_potato",	"category": "thermal:tools",	"read_by_default": true,	"flag": "mod:thermal_expansion",	"pages": [		{			"type": "text",			"text": "Stores and transfers RF to other machines. Cannot be used to recharge items in a player's inventory."		},		{			"type": "crafting",			"recipe": "thermal:tools/rf_potato",			"title": "Capacitato",			"text": "$(br2)$(o)'No tricks. This potato only generates 1.1 volts of electricity. I literally do not have the energy to lie to you.'"		}
	]
} 