{	"name": "Watering Can",	"icon": "thermal:watering_can",	"category": "thermal:tools",
	"read_by_default": true,	"flag": "mod:thermal_cultivation",	"pages": [		{			"type": "text",			"text": "Uses to water crops to accelerate their growth. It can be filled and augmented in the Tinker's Workbench. After installing radius augments, press '$(k:cofh.mode_change_increment)' to change between watering radii."		},		{			"type": "crafting",			"recipe": "thermal:watering_can",			"title": "Watering Can"		},		{			"type": "text",			"title": "Augment Compatibility",			"text": "$(li)$(l:thermal:technology/augments/integral_components)Integral Components$(/l)$(li)$(l:thermal:technology/augments/fluid_tank)Expanded Tank Construction$(/l)$(li)$(l:thermal:technology/augments/area_radius)Radial Enhancement$(/l)"		}	]
}