{
  "name": "Insightful Crystal",
  "icon": "thermal:xp_crystal",
  "category": "thermal:tools",
  "read_by_default": true,
  "pages": [
    {
      "type": "text",
      "text": "Portable XP Storage! The Insightful Crystal can hold 10K exp, equivalent to about 63 levels. This can be increased by enchanting it with $(l:thermal:technology/enchants)Holding$(/l)."
    },
    {
      "type": "crafting",
      "recipe": "thermal:tools/xp_crystal",
      "title": "Insightful Crystal"
    }
  ]
} 