{	"name": "Crops",	"icon": "thermal:barley",	"read_by_default": true,	"flag": "mod:thermal_cultivation",	"category": "thermal:plants",
	"pages": [		{			"type": "text",			"text": "Thermal Cultivation adds a variety of crops, the seeds of which may be purchased from villagers. These crops can be harvested by right clicking with an empty hand."		},		{			"type": "2-2_item_page",
			"A.title": "Hops",			"A.item1": "thermal:hops",			"A.item2": "thermal:hops_seeds",			"A.text": "The seed cones of a flowering hop vine. Used to flavor beer.",
			"B.title": "Corn",			"B.item1": "thermal:corn",			"B.item2": "thermal:corn_seeds",			"B.text": "A staple grain prized for its versatility."		},		{			"type": "2-2_item_page",
			"A.title": "Barley",			"A.item1": "thermal:barley",			"A.item2": "thermal:barley_seeds",			"A.text": "A cereal grain which can be ground into flour or malted to make beer or whiskey.",
			"B.title": "Radish",			"B.item1": "thermal:radish",			"B.item2": "thermal:radish_seeds",			"B.text": "A root vegetable with a sharp flavor, typically eaten raw or steamed."		},		{			"type": "2-2_item_page",
			"A.title": "Onion",			"A.item1": "thermal:onion",			"A.item2": "thermal:onion_seeds",			"A.text": "A bulbous vegetable that is often used to add flavor to a savory dish. Brings people to tears.",
			"B.title": "Rice",			"B.item1": "thermal:rice",			"B.item2": "thermal:rice_seeds",			"B.text": "The most widely consumed staple grain in the world. Laborious to harvest."		},		{			"type": "2-2_item_page",
			"A.title": "Sadiroot",			"A.item1": "thermal:sadiroot",			"A.item2": "thermal:sadiroot_seeds",			"A.text": "A medicinal spice known for its cleansing properties. Has a distinctive aroma.",
			"B.title": "Spinach",			"B.item1": "thermal:spinach",			"B.item2": "thermal:spinach_seeds",			"B.text": "The leaves of a spinach plant. Grants sailors an increase in muscle mass."		},		{			"type": "2-2_item_page",
			"A.title": "Bell Pepper",			"A.item1": "thermal:bell_pepper",			"A.item2": "thermal:bell_pepper_seeds",			"A.text": "A cultivar of peppers without the spice. Commonly chopped and used in dishes.",
			"B.title": "Eggplant",			"B.item1": "thermal:eggplant",			"B.item2": "thermal:eggplant_seeds",			"B.text": "A purple, spongy $(l)fruit$() used in many dishes. Tends to absorb other flavors."		},		{			"type": "2-2_item_page",
			"A.title": "Green Bean",			"A.item1": "thermal:green_bean",			"A.item2": "thermal:green_bean_seeds",			"A.text": "The immature seed pods of a bean plant. Can be consumed alone or cooked in various dishes.",
			"B.title": "Peanut",			"B.item1": "thermal:peanut",			"B.item2": "thermal:peanut_seeds",			"B.text": "The seeds of a peanut plant. Often roasted, pressed into oil, or ground into peanut butter."		},		{			"type": "2-2_item_page",
			"A.title": "Strawberry",			"A.item1": "thermal:strawberry",			"A.item2": "thermal:strawberry_seeds",			"A.text": "A sweet, red fruit used in a variety of condiments and desserts.",
			"B.title": "Tomato",			"B.item1": "thermal:tomato",			"B.item2": "thermal:tomato_seeds",			"B.text": "A savory, red $(l)fruit$() often sliced for dishes or squeezed for sauces and soups."		},		{			"type": "2-2_item_page",
			"A.title": "Coffee",			"A.item1": "thermal:coffee",			"A.item2": "thermal:coffee_seeds",			"A.text": "The fruit of a coffee tree, the pit of which can be roasted, ground, and brewed to make the lifeblood of mod devs.",
			"B.title": "Tea",			"B.item1": "thermal:tea",			"B.item2": "thermal:tea_seeds",			"B.text": "The leaves of a tea plant. Often dumped into the ocean during tea parties."		},		{			"type": "3_item_page",
			"title": "Frost Melon",			"item1": "thermal:frost_melon",			"item2": "thermal:frost_melon_slice",			"item3": "thermal:frost_melon_seeds",			"text": "A blue cultivar of melons. Those who consume it find that even the hottest of surfaces feel icy."		}
	]
}