{	"name": "Foods",	"icon": "thermal:chocolate_cake",	"read_by_default": true,	"flag": "mod:thermal_cultivation",	"category": "thermal:plants",
	"pages": [		{			"type": "crafting",			"recipe": "thermal:chocolate_cake",			"text": "A delightful, delectable dessert deserving decorous devotion. As satisfying as normal cake."		},		{			"type": "crafting",			"recipe": "thermal:spice_cake",			"text": "A satiating, scrumptious sweet synthesized from sadiroot spice. Cleanses negative status effects when eaten."		},		{			"type": "crafting",			"recipe": "thermal:xp_stew",			"text": "An exhilarant eggplant elixir effervescing with exhorbitant experience enhancements. Boosts exp gain when consumed."		}	]
}