{	"name": "Phyto-Gro",	"icon": "thermal:phytogro",	"read_by_default": true,	"category": "thermal:plants",	"flag": "|mod:thermal_cultivation,mod:thermal_expansion",	"pages": [		{			"type": "crafting",			"recipe": "thermal:phytogro_2",			"text": "Phyto-gro is fertilizer that is densely packed with all the nutrients plants need. It can be directly applied to plants or spread in an area with $(l:thermal:equipment/explosives/phyto_explosives)some explosives$(/l)."		},		{			"type": "crafting",			"recipe": "thermal:phytogro_8",			"recipe2": "thermal:phytogro_4"		},		{			"type": "crafting",			"recipe": "thermal:phytosoil",			"text": "Phyto-soil is dirt infused with phyto-gro. It approximately doubles the growth rate of plants grown on it, which can be further improved to ~5x using a $(l:thermal:technology/devices/soil_infuser)phyto-soil infuser$(/l). Just like normal soil, it must be tilled for crops to grow on it."		}	]
}