{	"name": "Crop Storage",	"icon": "thermal:apple_block",	"read_by_default": true,	"category": "thermal:plants",	"pages": [		{			"type": "text",			"text": "All crops have storage blocks associated with them, just like vanilla wheat and hay bales."		},		{			"type": "crafting",			"recipe": "thermal:storage/sugar_cane_block",			"recipe2": "thermal:storage/bamboo_block"		},		{			"type": "crafting",			"recipe": "thermal:storage/apple_block",			"recipe2": "thermal:storage/carrot_block"		},		{			"type": "crafting",			"recipe": "thermal:storage/potato_block",			"recipe2": "thermal:storage/beetroot_block"		},		//Cultivation stuff below		{			"flag": "mod:thermal_cultivation",			"type": "crafting",			"recipe": "thermal:storage/barley_block",			"recipe2": "thermal:storage/radish_block"		},		{			"flag": "mod:thermal_cultivation",			"type": "crafting",			"recipe": "thermal:storage/onion_block",			"recipe2": "thermal:storage/rice_block"		},		{			"flag": "mod:thermal_cultivation",			"type": "crafting",			"recipe": "thermal:storage/sadiroot_block",			"recipe2": "thermal:storage/spinach_block"		},		{			"flag": "mod:thermal_cultivation",			"type": "crafting",			"recipe": "thermal:storage/bell_pepper_block",			"recipe2": "thermal:storage/eggplant_block"		},		{			"flag": "mod:thermal_cultivation",			"type": "crafting",			"recipe": "thermal:storage/green_bean_block",			"recipe2": "thermal:storage/peanut_block"		},		{			"flag": "mod:thermal_cultivation",			"type": "crafting",			"recipe": "thermal:storage/strawberry_block",			"recipe2": "thermal:storage/tomato_block"		},		{			"flag": "mod:thermal_cultivation",			"type": "crafting",			"recipe": "thermal:storage/coffee_block",			"recipe2": "thermal:storage/tea_block"		},		{			"flag": "mod:thermal_cultivation",			"type": "crafting",			"recipe": "thermal:storage/corn_block",			"recipe2": "thermal:storage/hops_block"		}	]
}