{	"name": "Detonator",	"icon": "thermal:detonator",	"read_by_default": true,	"category": "thermal:explosives",	"pages": [		{			"type": "text",			"text": "The detonator is used to prime, and then detonate up to 16 explosive blocks at once! First place all your explosives, then right click each one with the detonator. The light will turn yellow to indicate that at least 1 explosive has been primed. The mode can then be changed to detonate, at which point the light will turn green and another right click will detonate all primed explosives."
		},		{			"type": "crafting",			"recipe": "thermal:tools/detonator",
			"text": "Press '$(k:cofh.mode_change_increment)' to change modes."
		}
	]
}