{	"name": "Tectonic Explosives",	"icon": "thermal:earth_tnt",	"read_by_default": true,	"flag": "mod:thermal_innovation",	"category": "thermal:explosives",
	"pages": [		{			"type": "text",			"text": "Tectonic Explosives will break and drop stone- and dirt- type blocks in an area and grant mobs caught in its radius the $(l:thermal:world/mobs/basalz)Sundered II$(/l) effect. Useful for mining. Explosive blocks and grenades have radii of 9 and 5 blocks, respectively.$(br2)Legend has it that these were once powerful enough to break bedrock."

		},		{			"type": "crafting",			"recipe": "thermal:earth_tnt",			"recipe2": "thermal:earth_grenade_4"
		},		{			"flag": "&mod:thermal_innovation,mod:thermal_locomotion",			"type": "crafting",			"recipe": "thermal:earth_tnt_minecart",			"title": "Tectonic Minecart"

		}	]

}