{	"name": "Inferno Explosives",	"icon": "thermal:fire_tnt",	"read_by_default": true,	"flag": "mod:thermal_innovation",	"category": "thermal:explosives",
	"pages": [		{			"type": "text",			"text": "Inferno explosives light an area on fire and light mobs caught in its radius on fire. Explosive blocks and grenades have radii of 9 and 5 blocks, respectively."

		},		{			"type": "crafting",			"recipe": "thermal:fire_tnt",			"recipe2": "thermal:fire_grenade_4"

		},		{			"flag": "&mod:thermal_innovation,mod:thermal_locomotion",			"type": "crafting",			"recipe": "thermal:fire_tnt_minecart",			"title": "Inferno Minecart"

		}	]

}