{	"name": "Glacial Explosives",	"icon": "thermal:ice_tnt",	"read_by_default": true,	"flag": "mod:thermal_innovation",	"category": "thermal:explosives",
	"pages": [		{			"type": "text",			"text": "Glacial explosives will freeze blocks in an area and grant mobs caught in its radius the $(l:thermal:world/mobs/blizz)Chilled II$(/l) effect. Explosive blocks and grenades have radii of 9 and 5 blocks, respectively."

		},		{			"type": "crafting",			"recipe": "thermal:ice_tnt",			"recipe2": "thermal:ice_grenade_4"

		},		{			"flag": "&mod:thermal_innovation,mod:thermal_locomotion",			"type": "crafting",			"recipe": "thermal:ice_tnt_minecart",			"title": "Glacial Minecart"

		}	]

}