{	"name": "Fulminating Explosives",	"icon": "thermal:lightning_tnt",	"read_by_default": true,	"flag": "mod:thermal_innovation",	"category": "thermal:explosives",
	"pages": [		{			"type": "text",
			"text": "Fulminating explosives summon lightning in an area and grant mobs caught in its radius the $(l:thermal:world/mobs/blitz)Shocked II$(/l) effect. Explosive blocks and grenades have radii of 9 and 5 blocks, respectively."
		},		{			"type": "crafting",			"recipe": "thermal:lightning_tnt",			"recipe2": "thermal:lightning_grenade_4"

		},		{			"flag": "&mod:thermal_innovation,mod:thermal_locomotion",			"type": "crafting",			"recipe": "thermal:lightning_tnt_minecart",			"title": "Fulminating Minecart"

		}	]

}