{	"name": "Phyto Explosives",	"icon": "thermal:phyto_tnt",	"read_by_default": true,	"flag": "mod:thermal_cultivation",	"category": "thermal:explosives",
	"pages": [		{			"type": "text",			"text": "Phyto explosives will instantly apply a bonemeal effect to all crops and grass in an area. Explosive blocks and grenades have radii of 9 and 5 blocks, respectively."

		},		{			"type": "crafting",			"recipe": "thermal:phyto_tnt",			"recipe2": "thermal:phyto_grenade_4"

		},		{			"flag": "&mod:thermal_cultivation,mod:thermal_locomotion",			"type": "crafting",			"recipe": "thermal:phyto_tnt_minecart",			"title": "PNT Minecart"

		}	]

}