{	"name": "Lumium Rails",	"icon": "thermal:lumium_rail",	"read_by_default": true,	"flag": "mod:thermal_locomotion",	"category": "thermal:locomotion",
	"pages": [		{			"type": "text",			"text": "Lumium rails work exactly like their standard counterparts, except they emit a light level of 15."
		},		{			"type": "crafting",			"recipe": "thermal:lumium_rail",			"recipe2": "thermal:lumium_crossover_rail"

		},		{			"type": "crafting",			"recipe": "thermal:lumium_powered_rail",			"recipe2": "thermal:lumium_activator_rail"

		},		{			"type": "crafting",			"recipe": "thermal:lumium_detector_rail"

		}
	]
}