{	"name": "Prismarine Rails",	"icon": "thermal:prismarine_rail",	"read_by_default": true,	"flag": "mod:thermal_locomotion",	"category": "thermal:locomotion",
	"pages": [		{			"type": "text",			"text": "Prismarine rails work exactly like their standard counterparts, except they are waterloggable and can be placed under water. However, an entity in a normal minecart will still get kicked out if they are entirely submerged in water. This can be prevented through the use of $(l:thermal:storage_and_xfer/locomotion/underwaterminecart)underwater minecarts$(/l). Prismarine rails also emit a light level of 8."
		},		{			"type": "crafting",			"recipe": "thermal:prismarine_rail",			"recipe2": "thermal:prismarine_crossover_rail"

		},		{			"type": "crafting",			"recipe": "thermal:prismarine_powered_rail",			"recipe2": "thermal:prismarine_activator_rail"

		},		{			"type": "crafting",			"recipe": "thermal:prismarine_detector_rail"

		}
	]
}