{	"name": "Underwater Minecart",	"icon": "thermal:underwater_minecart",	"read_by_default": true,	"flag": "mod:thermal_locomotion",	"category": "thermal:locomotion",
	"pages": [		{			"type": "text",			"text": "The Underwater Minecart allows entities, including players, to ride $(l:thermal:storage_and_xfer/locomotion/prismarinerails)rails$(/l) underwater. Entities riding underwater minecarts have 4 minutes before they suffocate. Mobs will still behave as if they are under water; undead mobs will not burn, blazes and endermen will take damage, and zombies will turn into drowneds. Can be enchanted with respiration, which decreases the chance that air will be used per tick."
		},		{			"type": "crafting",			"recipe": "thermal:underwater_minecart"

		}
	]
}