{	"name": "Ice Charge",	"icon": "thermal:ice_charge",	"category": "thermal:charges",	"read_by_default": true,	"pages": [		{			"type": "text",			"text": "Ice charges can be used to place snow on blocks, convert water to ice, and change lava to obsidian. The latter two can also be done using buckets in a crafting bench. Firing from dispenser will fire a linear projectile that applies the $(l:thermal:world/mobs/blizz)Chilled$(/l) effect to mobs and freezes a small area."		},		{			"type": "crafting",			"recipe": "thermal:ice_charge_3",			"title": "Ice Charge"		}	]
}