{	"name": "Alchemical Imbuer",	"icon": "thermal:machine_brewer",	"category": "thermal:machines",	"read_by_default": true,	"flag": "mod:thermal_expansion",
	"pages": [		{			"type": "text",			"text": "The Alchemical Imbuer is a machine that brews potions. Creates $(l:thermal:technology/potion_fluid)potion fluid$(/l) as opposed to brewing directly in a bottle. One ingredient is enough to brew one potion bucket, which can fill 4 bottles."		},		{			"type": "crafting",			"recipe": "thermal:machine_brewer",			"title": "Alchemical Imbuer"		},		{			"type": "text",			"title": "Augment Compatibility",			"text": "$(li)$(l:thermal:technology/augments/integral_components)Integral Components$(/l)$(li)$(l:thermal:technology/augments/item_filter)Item Filter$(/l)$(li)$(l:thermal:technology/augments/xp_storage)Knowledge Concentrator$(/l)$(li)$(l:thermal:technology/augments/rf_coil)Expanded RF Coil$(/l)$(li)$(l:thermal:technology/augments/rf_coil_storage)Stabilized RF Coil$(/l)$(li)$(l:thermal:technology/augments/rf_coil_xfer)High-Flux RF Coil$(/l)$(li)$(l:thermal:technology/augments/fluid_tank)Expanded Tank Construction$(/l)$(li)$(l:thermal:technology/augments/machine_speed)Flux Linkage Amplifier$(/l)$(li)$(l:thermal:technology/augments/machine_efficiency)Flux Efficiency$(/l)"		}	]
}