{	"name": "Multiservo Press",	"icon": "thermal:machine_press",	"category": "thermal:machines",	"read_by_default": true,	"flag": "mod:thermal_expansion",
	"pages": [		{			"type": "text",			"text": "The Multiservo Press is a machine that can accept a variety of dies in order to shape metals into different forms and (un)pack blocks and items."		},		{			"type": "crafting",			"recipe": "thermal:machine_press",			"recipe2": "thermal:press_unpacking_die",			"title": "Multiservo Press"		},		{			"type": "crafting",			"recipe": "thermal:press_packing_2x2_die",			"recipe2": "thermal:press_packing_3x3_die"		},		{			"type": "crafting",			"recipe": "thermal:press_gear_die",			"recipe2": "thermal:press_coin_die"		},		{			"type": "text",			"title": "Augment Compatibility",			"text": "$(li)$(l:thermal:technology/augments/integral_components)Integral Components$(/l)$(li)$(l:thermal:technology/augments/item_filter)Item Filter$(/l)$(li)$(l:thermal:technology/augments/xp_storage)Knowledge Concentrator$(/l)$(li)$(l:thermal:technology/augments/rf_coil)Expanded RF Coil$(/l)$(li)$(l:thermal:technology/augments/rf_coil_storage)Stabilized RF Coil$(/l)$(li)$(l:thermal:technology/augments/rf_coil_xfer)High-Flux RF Coil$(/l)$(li)$(l:thermal:technology/augments/machine_speed)Flux Linkage Amplifier$(/l)$(li)$(l:thermal:technology/augments/machine_efficiency)Flux Efficiency$(/l)"		}	]
}