{	"name": "Pulverizer",	"icon": "thermal:machine_pulverizer",	"category": "thermal:machines",	"read_by_default": true,	"flag": "mod:thermal_expansion",
	"pages": [		{			"type": "text",			"text": "The Pulverizer is a machine that crushes items and ores. Improves ore yields, which can be further increased using augments and $(l:thermal:world/materials/catalysts)catalysts$(/l)."		},		{			"type": "crafting",			"recipe": "thermal:machine_pulverizer",			"title": "Pulverizer"		},		{			"type": "text",			"title": "Augment Compatibility",			"text": "$(li)$(l:thermal:technology/augments/integral_components)Integral Components$(/l)$(li)$(l:thermal:technology/augments/item_filter)Item Filter$(/l)$(li)$(l:thermal:technology/augments/xp_storage)Knowledge Concentrator$(/l)$(li)$(l:thermal:technology/augments/rf_coil)Expanded RF Coil$(/l)$(li)$(l:thermal:technology/augments/rf_coil_storage)Stabilized RF Coil$(/l)$(li)$(l:thermal:technology/augments/rf_coil_xfer)High-Flux RF Coil$(/l)$(li)$(l:thermal:technology/augments/machine_speed)Flux Linkage Amplifier$(/l)$(li)$(l:thermal:technology/augments/machine_efficiency)Flux Efficiency$(/l)$(li)$(l:thermal:technology/augments/machine_output)Auxiliary Process Sieve$(/l)$(li)$(l:thermal:technology/augments/machine_catalyst)Catalytic Reclamation Chamber$(/l)"		}	]
}