{	"name": "Pyrolyzer",	"icon": "thermal:machine_pyrolyzer",	"category": "thermal:machines",	"read_by_default": true,	"flag": "mod:thermal_expansion",
	"pages": [		{			"type": "text",			"text": "The Pyrolyzer is a machine that decomposes substances in a low-oxygen environment using heat. Typically used to convert organic matter and coal into cleaner, longer-lasting fuels."		},		{			"type": "crafting",			"title": "Pyrolyzer",			"recipe": "thermal:machine_pyrolyzer"
		},		{			"type": "text",			"title": "Augment Compatibility",			"text": "$(li)$(l:thermal:technology/augments/integral_components)Integral Components$(/l)$(li)$(l:thermal:technology/augments/item_filter)Item Filter$(/l)$(li)$(l:thermal:technology/augments/xp_storage)Knowledge Concentrator$(/l)$(li)$(l:thermal:technology/augments/rf_coil)Expanded RF Coil$(/l)$(li)$(l:thermal:technology/augments/rf_coil_storage)Stabilized RF Coil$(/l)$(li)$(l:thermal:technology/augments/rf_coil_xfer)High-Flux RF Coil$(/l)$(li)$(l:thermal:technology/augments/fluid_tank)Expanded Tank Construction$(/l)$(li)$(l:thermal:technology/augments/machine_speed)Flux Linkage Amplifier$(/l)$(li)$(l:thermal:technology/augments/machine_efficiency)Flux Efficiency$(/l)"		}	]
}