{	"name": "Sawmill",	"icon": "thermal:machine_sawmill",	"category": "thermal:machines",	"read_by_default": true,	"flag": "mod:thermal_expansion",
	"pages": [		{			"type": "text",			"text": "The Sawmill is a machine that cuts logs into planks more efficiently than crafting. It produces $(l:thermal:world/plants/treeproducts)Sawdust$(/l) as a byproduct."		},		{			"type": "crafting",			"recipe": "thermal:machine_sawmill",			"title": "Sawmill"		},		{			"type": "text",			"title": "Augment Compatibility",			"text": "$(li)$(l:thermal:technology/augments/integral_components)Integral Components$(/l)$(li)$(l:thermal:technology/augments/item_filter)Item Filter$(/l)$(li)$(l:thermal:technology/augments/xp_storage)Knowledge Concentrator$(/l)$(li)$(l:thermal:technology/augments/rf_coil)Expanded RF Coil$(/l)$(li)$(l:thermal:technology/augments/rf_coil_storage)Stabilized RF Coil$(/l)$(li)$(l:thermal:technology/augments/rf_coil_xfer)High-Flux RF Coil$(/l)$(li)$(l:thermal:technology/augments/machine_speed)Flux Linkage Amplifier$(/l)$(li)$(l:thermal:technology/augments/machine_efficiency)Flux Efficiency$(/l)$(li)$(l:thermal:technology/augments/machine_output)Auxiliary Process Sieve$(/l)"		}	]
}