{
	"name": "Induction Smelter",
	"icon": "thermal:machine_smelter",
	"category": "thermal:machines",
	"read_by_default": true,
	"flag": "mod:thermal_expansion",
	"pages": [
		{
			"type": "hidden_item_text_page",
			"title": "Induction Smelter",
			"item": "thermal:rich_slag",
			"text": "The Induction Smelter is a machine that smelts multiple items together, producing alloys. It can also smelt ores into ingots and gems, which is affected by $(l:thermal:world/materials/catalysts)catalysts$(/l). Smelting ores has a chance to produce rich slag as a secondary output, which can be used as a catalyst or to make $(l:thermal:world/plants/phytogro)phyto-gro$(/l). Smelting gravel yields flint and slag."
		},
		{
			"type": "crafting",
			"recipe": "thermal:machine_smelter",
			"title": "Induction Smelter"
		},
		{
			"type": "text",
			"title": "Augment Compatibility",
			"text": "$(li)$(l:thermal:technology/augments/integral_components)Integral Components$(/l)$(li)$(l:thermal:technology/augments/item_filter)Item Filter$(/l)$(li)$(l:thermal:technology/augments/xp_storage)Knowledge Concentrator$(/l)$(li)$(l:thermal:technology/augments/rf_coil)Expanded RF Coil$(/l)$(li)$(l:thermal:technology/augments/rf_coil_storage)Stabilized RF Coil$(/l)$(li)$(l:thermal:technology/augments/rf_coil_xfer)High-Flux RF Coil$(/l)$(li)$(l:thermal:technology/augments/machine_speed)Flux Linkage Amplifier$(/l)$(li)$(l:thermal:technology/augments/machine_efficiency)Flux Efficiency$(/l)$(li)$(l:thermal:technology/augments/machine_output)Auxiliary Process Sieve$(/l)$(li)$(l:thermal:technology/augments/machine_catalyst)Catalytic Reclamation Chamber$(/l)"
		}
	]
}