{	"name": "Beekeeper's Suit",	"icon": "thermal:beekeeper_chestplate",	"category": "thermal:armor",
	"read_by_default": true,	"flag": "mod:thermal_cultivation",	"pages": [		{			"type": "text",			"text": "The Beekeeper Suit will protect you from any sort of stings you may encounter at the cost of durability. Such examples are cactus, berry bushes, and obviously bee stings. Do note that in order to be $(o)fully$() protected you must have the full suit on! $(o)Bee$() careful, since durability is still used even with a full suit."		},		{			"type": "crafting",			"recipe": "thermal:beekeeper_fabric",			"text": "Fabric used for all beekeeper equipment."
		},		{			"type": "crafting",			"recipe": "thermal:armor/beekeeper_helmet",			"recipe2": "thermal:armor/beekeeper_chestplate"
		},		{			"type": "crafting",			"recipe": "thermal:armor/beekeeper_leggings",			"recipe2": "thermal:armor/beekeeper_boots"		}	]
}