{	"name": "Diving Suit",	"icon": "thermal:diving_chestplate",	"category": "thermal:armor",	"read_by_default": true,	"flag": "mod:thermal_innovation",
	"pages": [		{			"type": "text",			"text": "The Diving Suit will allow you to explore underwater depths with ease. Allows you to swim faster, breathe longer, and mine faster underwater!"		},		{			"type": "crafting",			"recipe": "thermal:diving_fabric",			"text": "Fabric used for all diving equipment."
		},		{			"type": "crafting",			"recipe": "thermal:armor/diving_helmet",			"recipe2": "thermal:armor/diving_chestplate"
		},		{			"type": "crafting",			"recipe": "thermal:armor/diving_leggings",			"recipe2": "thermal:armor/diving_boots"		}	]
}