{	"name": "Hazmat Suit",	"icon": "thermal:hazmat_chestplate",	"category": "thermal:armor",	"read_by_default": true,	"flag": "mod:thermal_innovation",
	"pages": [		{			"type": "text",			"text": "The Hazmat Suit will protect you from environmental hazards such as burning, fall damage, and status ailments. The entire suit is needed for full protection! Durability is consumed when preventing status effects and fire."		},		{			"type": "crafting",			"recipe": "thermal:hazmat_fabric",			"text": "Fabric used for all hazmat equipment."
		},		{			"type": "crafting",			"recipe": "thermal:armor/hazmat_helmet",			"recipe2": "thermal:armor/hazmat_chestplate"
		},		{			"type": "crafting",			"recipe": "thermal:armor/hazmat_leggings",			"recipe2": "thermal:armor/hazmat_boots"		}	]
}