{	"name": "Hive Hopper",	"icon": "thermal:device_hive_extractor",	"category": "thermal:devices",	"read_by_default": true,	"flag": "mod:thermal_cultivation",	"pages": [		{			"type": "text",			"text": "The Hive Hopper is a device that can extract honeycombs and liquid honey when placed under a beehive."		},		{			"type": "crafting",			"recipe": "thermal:device_hive_extractor",			"title": "Hive Hopper"		},		{			"type": "text",			"title": "Augment Compatibility",			"text": "$(li)$(l:thermal:technology/augments/integral_components)Integral Components$(/l)$(li)$(l:thermal:technology/augments/item_filter)Item Filter$(/l)$(li)$(l:thermal:technology/augments/fluid_tank)Expanded Tank Construction$(/l)"		}	]
}