{	"name": "Phyto-Soil Infuser",	"icon": "thermal:device_soil_infuser",	"category": "thermal:devices",
	"read_by_default": true,	"flag": "mod:thermal_cultivation",	"pages": [		{			"type": "text",			"text": "The Phyto-Soil Infuser is a device that uses RF in order to speed up the growth of crops on nearby $(l:thermal:world/plants/phytogro)phyto-soil$(/l). In its base form, it infuses a 3x3x3 area around it, which can be upgraded using $(l:thermal:technology/augments/area_radius)radial enhancement augments$(/l) to up to 7x3x7."		},		{			"type": "crafting",			"recipe": "thermal:device_soil_infuser",			"title": "Phyto-Soil Infuser"		},		{			"type": "text",			"title": "Augment Compatibility",			"text": "$(li)$(l:thermal:technology/augments/integral_components)Integral Components$(/l)$(li)$(l:thermal:technology/augments/rf_coil)Expanded RF Coil$(/l)$(li)$(l:thermal:technology/augments/rf_coil_storage)Stabilized RF Coil$(/l)$(li)$(l:thermal:technology/augments/rf_coil_xfer)High-Flux RF Coil$(/l)$(li)$(l:thermal:technology/augments/area_radius)Radial Enhancement$(/l)"		}	]
}