{	"name": "Arboreal Extractor",	"icon": "thermal:device_tree_extractor",	"category": "thermal:devices",	"read_by_default": true,	"flag": "|mod:thermal_expansion,mod:thermal_cultivation",	"pages": [		{			"type": "text",			"text": "The Arboreal Extractor is a device that extracts fluid from an adjacent tree. Can optionally take fertilizer to boost production rate. Bonemeal boosts output by 1.5x for 8 cycles, while $(l:thermal:world/plants/phytogro)phyto-gro$(/l) boosts by 2.0x for 16 cycles. Different trees produce different fluids. Oak, birch, spruce, and acacia trees make resin. Jungle trees yield latex. Dark oak trees contain sap."		},		{			"type": "crafting",			"recipe": "thermal:device_tree_extractor",			"title": "Arboreal Extractor"		},		{			"type": "text",			"title": "Augment Compatibility",			"text": "$(li)$(l:thermal:technology/augments/integral_components)Integral Components$(/l)$(li)$(l:thermal:technology/augments/fluid_tank)Expanded Tank Construction$(/l)"		}	]
}