{	"name": "Aqueous Accumulator",	"icon": "thermal:device_water_gen",	"category": "thermal:devices",	"read_by_default": true,	"flag": "mod:thermal_expansion",	"pages": [		{			"type": "text",			"text": "The Aqueous Accumulator is a device that will generate infinite water for your needs. In order for it to produce water there must be at least two source blocks adjacent to the sides of the device. Source blocks above or below the device will not count."		},		{			"type": "crafting",			"recipe": "thermal:device_water_gen",			"title": "Aqueous Accumulator"		},		{			"type": "text",			"title": "Augment Compatibility",			"text": "$(li)$(l:thermal:technology/augments/integral_components)Integral Components$(/l)$(li)$(l:thermal:technology/augments/fluid_tank)Expanded Tank Construction$(/l)"		}	]
} 